--
-- PostgreSQL database dump
--

-- Dumped from database version 16.3 (Debian 16.3-1+b1)
-- Dumped by pg_dump version 16.3 (Debian 16.3-1+b1)

SET statement_timeout = 0;
SET lock_timeout = 0;
SET idle_in_transaction_session_timeout = 0;
SET client_encoding = 'UTF8';
SET standard_conforming_strings = on;
SELECT pg_catalog.set_config('search_path', '', false);
SET check_function_bodies = false;
SET xmloption = content;
SET client_min_messages = warning;
SET row_security = off;

SET default_tablespace = '';

SET default_table_access_method = heap;

--
-- Name: accounts_buyerprofile; Type: TABLE; Schema: public; Owner: postgres
--

CREATE TABLE public.accounts_buyerprofile (
    id bigint NOT NULL,
    date_of_birth date,
    preferred_payment_method character varying(50),
    preferred_shipping_address text,
    communication_preferences jsonb,
    loyalty_points integer NOT NULL,
    newsletter_subscription boolean NOT NULL,
    user_id bigint NOT NULL,
    billing_address_id bigint,
    CONSTRAINT accounts_buyerprofile_loyalty_points_check CHECK ((loyalty_points >= 0))
);


ALTER TABLE public.accounts_buyerprofile OWNER TO postgres;

--
-- Name: accounts_buyerprofile_buy_history; Type: TABLE; Schema: public; Owner: postgres
--

CREATE TABLE public.accounts_buyerprofile_buy_history (
    id bigint NOT NULL,
    buyerprofile_id bigint NOT NULL,
    order_id bigint NOT NULL
);


ALTER TABLE public.accounts_buyerprofile_buy_history OWNER TO postgres;

--
-- Name: accounts_buyerprofile_buy_history_id_seq; Type: SEQUENCE; Schema: public; Owner: postgres
--

ALTER TABLE public.accounts_buyerprofile_buy_history ALTER COLUMN id ADD GENERATED BY DEFAULT AS IDENTITY (
    SEQUENCE NAME public.accounts_buyerprofile_buy_history_id_seq
    START WITH 1
    INCREMENT BY 1
    NO MINVALUE
    NO MAXVALUE
    CACHE 1
);


--
-- Name: accounts_buyerprofile_favorite_categories; Type: TABLE; Schema: public; Owner: postgres
--

CREATE TABLE public.accounts_buyerprofile_favorite_categories (
    id bigint NOT NULL,
    buyerprofile_id bigint NOT NULL,
    category_id bigint NOT NULL
);


ALTER TABLE public.accounts_buyerprofile_favorite_categories OWNER TO postgres;

--
-- Name: accounts_buyerprofile_favorite_categories_id_seq; Type: SEQUENCE; Schema: public; Owner: postgres
--

ALTER TABLE public.accounts_buyerprofile_favorite_categories ALTER COLUMN id ADD GENERATED BY DEFAULT AS IDENTITY (
    SEQUENCE NAME public.accounts_buyerprofile_favorite_categories_id_seq
    START WITH 1
    INCREMENT BY 1
    NO MINVALUE
    NO MAXVALUE
    CACHE 1
);


--
-- Name: accounts_buyerprofile_id_seq; Type: SEQUENCE; Schema: public; Owner: postgres
--

ALTER TABLE public.accounts_buyerprofile ALTER COLUMN id ADD GENERATED BY DEFAULT AS IDENTITY (
    SEQUENCE NAME public.accounts_buyerprofile_id_seq
    START WITH 1
    INCREMENT BY 1
    NO MINVALUE
    NO MAXVALUE
    CACHE 1
);


--
-- Name: accounts_buyerprofile_shipping_addresses; Type: TABLE; Schema: public; Owner: postgres
--

CREATE TABLE public.accounts_buyerprofile_shipping_addresses (
    id bigint NOT NULL,
    buyerprofile_id bigint NOT NULL,
    shippingaddress_id bigint NOT NULL
);


ALTER TABLE public.accounts_buyerprofile_shipping_addresses OWNER TO postgres;

--
-- Name: accounts_buyerprofile_shipping_addresses_id_seq; Type: SEQUENCE; Schema: public; Owner: postgres
--

ALTER TABLE public.accounts_buyerprofile_shipping_addresses ALTER COLUMN id ADD GENERATED BY DEFAULT AS IDENTITY (
    SEQUENCE NAME public.accounts_buyerprofile_shipping_addresses_id_seq
    START WITH 1
    INCREMENT BY 1
    NO MINVALUE
    NO MAXVALUE
    CACHE 1
);


--
-- Name: accounts_buyerprofile_wishlist; Type: TABLE; Schema: public; Owner: postgres
--

CREATE TABLE public.accounts_buyerprofile_wishlist (
    id bigint NOT NULL,
    buyerprofile_id bigint NOT NULL,
    product_id bigint NOT NULL
);


ALTER TABLE public.accounts_buyerprofile_wishlist OWNER TO postgres;

--
-- Name: accounts_buyerprofile_wishlist_id_seq; Type: SEQUENCE; Schema: public; Owner: postgres
--

ALTER TABLE public.accounts_buyerprofile_wishlist ALTER COLUMN id ADD GENERATED BY DEFAULT AS IDENTITY (
    SEQUENCE NAME public.accounts_buyerprofile_wishlist_id_seq
    START WITH 1
    INCREMENT BY 1
    NO MINVALUE
    NO MAXVALUE
    CACHE 1
);


--
-- Name: accounts_customuser; Type: TABLE; Schema: public; Owner: postgres
--

CREATE TABLE public.accounts_customuser (
    id bigint NOT NULL,
    password character varying(128) NOT NULL,
    is_superuser boolean NOT NULL,
    username character varying(150) NOT NULL,
    first_name character varying(150) NOT NULL,
    last_name character varying(150) NOT NULL,
    is_staff boolean NOT NULL,
    is_active boolean NOT NULL,
    is_seller boolean NOT NULL,
    is_buyer boolean NOT NULL,
    phone_number character varying(11),
    otp character varying(6),
    otp_expiry timestamp with time zone,
    email character varying(50),
    profile_picture character varying(100),
    date_joined timestamp with time zone NOT NULL,
    last_login timestamp with time zone
);


ALTER TABLE public.accounts_customuser OWNER TO postgres;

--
-- Name: accounts_customuser_groups; Type: TABLE; Schema: public; Owner: postgres
--

CREATE TABLE public.accounts_customuser_groups (
    id bigint NOT NULL,
    customuser_id bigint NOT NULL,
    group_id integer NOT NULL
);


ALTER TABLE public.accounts_customuser_groups OWNER TO postgres;

--
-- Name: accounts_customuser_groups_id_seq; Type: SEQUENCE; Schema: public; Owner: postgres
--

ALTER TABLE public.accounts_customuser_groups ALTER COLUMN id ADD GENERATED BY DEFAULT AS IDENTITY (
    SEQUENCE NAME public.accounts_customuser_groups_id_seq
    START WITH 1
    INCREMENT BY 1
    NO MINVALUE
    NO MAXVALUE
    CACHE 1
);


--
-- Name: accounts_customuser_id_seq; Type: SEQUENCE; Schema: public; Owner: postgres
--

ALTER TABLE public.accounts_customuser ALTER COLUMN id ADD GENERATED BY DEFAULT AS IDENTITY (
    SEQUENCE NAME public.accounts_customuser_id_seq
    START WITH 1
    INCREMENT BY 1
    NO MINVALUE
    NO MAXVALUE
    CACHE 1
);


--
-- Name: accounts_customuser_user_permissions; Type: TABLE; Schema: public; Owner: postgres
--

CREATE TABLE public.accounts_customuser_user_permissions (
    id bigint NOT NULL,
    customuser_id bigint NOT NULL,
    permission_id integer NOT NULL
);


ALTER TABLE public.accounts_customuser_user_permissions OWNER TO postgres;

--
-- Name: accounts_customuser_user_permissions_id_seq; Type: SEQUENCE; Schema: public; Owner: postgres
--

ALTER TABLE public.accounts_customuser_user_permissions ALTER COLUMN id ADD GENERATED BY DEFAULT AS IDENTITY (
    SEQUENCE NAME public.accounts_customuser_user_permissions_id_seq
    START WITH 1
    INCREMENT BY 1
    NO MINVALUE
    NO MAXVALUE
    CACHE 1
);


--
-- Name: accounts_shippingaddress; Type: TABLE; Schema: public; Owner: postgres
--

CREATE TABLE public.accounts_shippingaddress (
    id bigint NOT NULL,
    address_line1 character varying(255) NOT NULL,
    address_line2 character varying(255) NOT NULL,
    city character varying(100) NOT NULL,
    state character varying(100) NOT NULL,
    postal_code character varying(20) NOT NULL,
    country character varying(100) NOT NULL,
    is_default boolean NOT NULL,
    user_id bigint NOT NULL
);


ALTER TABLE public.accounts_shippingaddress OWNER TO postgres;

--
-- Name: accounts_shippingaddress_id_seq; Type: SEQUENCE; Schema: public; Owner: postgres
--

ALTER TABLE public.accounts_shippingaddress ALTER COLUMN id ADD GENERATED BY DEFAULT AS IDENTITY (
    SEQUENCE NAME public.accounts_shippingaddress_id_seq
    START WITH 1
    INCREMENT BY 1
    NO MINVALUE
    NO MAXVALUE
    CACHE 1
);


--
-- Name: auth_group; Type: TABLE; Schema: public; Owner: postgres
--

CREATE TABLE public.auth_group (
    id integer NOT NULL,
    name character varying(150) NOT NULL
);


ALTER TABLE public.auth_group OWNER TO postgres;

--
-- Name: auth_group_id_seq; Type: SEQUENCE; Schema: public; Owner: postgres
--

ALTER TABLE public.auth_group ALTER COLUMN id ADD GENERATED BY DEFAULT AS IDENTITY (
    SEQUENCE NAME public.auth_group_id_seq
    START WITH 1
    INCREMENT BY 1
    NO MINVALUE
    NO MAXVALUE
    CACHE 1
);


--
-- Name: auth_group_permissions; Type: TABLE; Schema: public; Owner: postgres
--

CREATE TABLE public.auth_group_permissions (
    id bigint NOT NULL,
    group_id integer NOT NULL,
    permission_id integer NOT NULL
);


ALTER TABLE public.auth_group_permissions OWNER TO postgres;

--
-- Name: auth_group_permissions_id_seq; Type: SEQUENCE; Schema: public; Owner: postgres
--

ALTER TABLE public.auth_group_permissions ALTER COLUMN id ADD GENERATED BY DEFAULT AS IDENTITY (
    SEQUENCE NAME public.auth_group_permissions_id_seq
    START WITH 1
    INCREMENT BY 1
    NO MINVALUE
    NO MAXVALUE
    CACHE 1
);


--
-- Name: auth_permission; Type: TABLE; Schema: public; Owner: postgres
--

CREATE TABLE public.auth_permission (
    id integer NOT NULL,
    name character varying(255) NOT NULL,
    content_type_id integer NOT NULL,
    codename character varying(100) NOT NULL
);


ALTER TABLE public.auth_permission OWNER TO postgres;

--
-- Name: auth_permission_id_seq; Type: SEQUENCE; Schema: public; Owner: postgres
--

ALTER TABLE public.auth_permission ALTER COLUMN id ADD GENERATED BY DEFAULT AS IDENTITY (
    SEQUENCE NAME public.auth_permission_id_seq
    START WITH 1
    INCREMENT BY 1
    NO MINVALUE
    NO MAXVALUE
    CACHE 1
);


--
-- Name: cart_cart; Type: TABLE; Schema: public; Owner: postgres
--

CREATE TABLE public.cart_cart (
    id bigint NOT NULL,
    created_at timestamp with time zone NOT NULL,
    user_id bigint NOT NULL
);


ALTER TABLE public.cart_cart OWNER TO postgres;

--
-- Name: cart_cart_id_seq; Type: SEQUENCE; Schema: public; Owner: postgres
--

ALTER TABLE public.cart_cart ALTER COLUMN id ADD GENERATED BY DEFAULT AS IDENTITY (
    SEQUENCE NAME public.cart_cart_id_seq
    START WITH 1
    INCREMENT BY 1
    NO MINVALUE
    NO MAXVALUE
    CACHE 1
);


--
-- Name: cart_cartitem; Type: TABLE; Schema: public; Owner: postgres
--

CREATE TABLE public.cart_cartitem (
    id bigint NOT NULL,
    quantity integer NOT NULL,
    cart_id bigint NOT NULL,
    product_id bigint NOT NULL,
    CONSTRAINT cart_cartitem_quantity_check CHECK ((quantity >= 0))
);


ALTER TABLE public.cart_cartitem OWNER TO postgres;

--
-- Name: cart_cartitem_id_seq; Type: SEQUENCE; Schema: public; Owner: postgres
--

ALTER TABLE public.cart_cartitem ALTER COLUMN id ADD GENERATED BY DEFAULT AS IDENTITY (
    SEQUENCE NAME public.cart_cartitem_id_seq
    START WITH 1
    INCREMENT BY 1
    NO MINVALUE
    NO MAXVALUE
    CACHE 1
);


--
-- Name: django_admin_log; Type: TABLE; Schema: public; Owner: postgres
--

CREATE TABLE public.django_admin_log (
    id integer NOT NULL,
    action_time timestamp with time zone NOT NULL,
    object_id text,
    object_repr character varying(200) NOT NULL,
    action_flag smallint NOT NULL,
    change_message text NOT NULL,
    content_type_id integer,
    user_id bigint NOT NULL,
    CONSTRAINT django_admin_log_action_flag_check CHECK ((action_flag >= 0))
);


ALTER TABLE public.django_admin_log OWNER TO postgres;

--
-- Name: django_admin_log_id_seq; Type: SEQUENCE; Schema: public; Owner: postgres
--

ALTER TABLE public.django_admin_log ALTER COLUMN id ADD GENERATED BY DEFAULT AS IDENTITY (
    SEQUENCE NAME public.django_admin_log_id_seq
    START WITH 1
    INCREMENT BY 1
    NO MINVALUE
    NO MAXVALUE
    CACHE 1
);


--
-- Name: django_content_type; Type: TABLE; Schema: public; Owner: postgres
--

CREATE TABLE public.django_content_type (
    id integer NOT NULL,
    app_label character varying(100) NOT NULL,
    model character varying(100) NOT NULL
);


ALTER TABLE public.django_content_type OWNER TO postgres;

--
-- Name: django_content_type_id_seq; Type: SEQUENCE; Schema: public; Owner: postgres
--

ALTER TABLE public.django_content_type ALTER COLUMN id ADD GENERATED BY DEFAULT AS IDENTITY (
    SEQUENCE NAME public.django_content_type_id_seq
    START WITH 1
    INCREMENT BY 1
    NO MINVALUE
    NO MAXVALUE
    CACHE 1
);


--
-- Name: django_migrations; Type: TABLE; Schema: public; Owner: postgres
--

CREATE TABLE public.django_migrations (
    id bigint NOT NULL,
    app character varying(255) NOT NULL,
    name character varying(255) NOT NULL,
    applied timestamp with time zone NOT NULL
);


ALTER TABLE public.django_migrations OWNER TO postgres;

--
-- Name: django_migrations_id_seq; Type: SEQUENCE; Schema: public; Owner: postgres
--

ALTER TABLE public.django_migrations ALTER COLUMN id ADD GENERATED BY DEFAULT AS IDENTITY (
    SEQUENCE NAME public.django_migrations_id_seq
    START WITH 1
    INCREMENT BY 1
    NO MINVALUE
    NO MAXVALUE
    CACHE 1
);


--
-- Name: django_session; Type: TABLE; Schema: public; Owner: postgres
--

CREATE TABLE public.django_session (
    session_key character varying(40) NOT NULL,
    session_data text NOT NULL,
    expire_date timestamp with time zone NOT NULL
);


ALTER TABLE public.django_session OWNER TO postgres;

--
-- Name: orders_order; Type: TABLE; Schema: public; Owner: postgres
--

CREATE TABLE public.orders_order (
    id bigint NOT NULL,
    status character varying(20) NOT NULL,
    created_at timestamp with time zone NOT NULL,
    updated_at timestamp with time zone NOT NULL,
    total_price numeric(10,2) NOT NULL,
    shipping_address text NOT NULL,
    payment_status character varying(20) NOT NULL,
    buyer_id bigint NOT NULL
);


ALTER TABLE public.orders_order OWNER TO postgres;

--
-- Name: orders_order_id_seq; Type: SEQUENCE; Schema: public; Owner: postgres
--

ALTER TABLE public.orders_order ALTER COLUMN id ADD GENERATED BY DEFAULT AS IDENTITY (
    SEQUENCE NAME public.orders_order_id_seq
    START WITH 1
    INCREMENT BY 1
    NO MINVALUE
    NO MAXVALUE
    CACHE 1
);


--
-- Name: orders_orderitem; Type: TABLE; Schema: public; Owner: postgres
--

CREATE TABLE public.orders_orderitem (
    id bigint NOT NULL,
    quantity integer NOT NULL,
    price numeric(10,2) NOT NULL,
    order_id bigint NOT NULL,
    product_id bigint NOT NULL,
    CONSTRAINT orders_orderitem_quantity_check CHECK ((quantity >= 0))
);


ALTER TABLE public.orders_orderitem OWNER TO postgres;

--
-- Name: orders_orderitem_id_seq; Type: SEQUENCE; Schema: public; Owner: postgres
--

ALTER TABLE public.orders_orderitem ALTER COLUMN id ADD GENERATED BY DEFAULT AS IDENTITY (
    SEQUENCE NAME public.orders_orderitem_id_seq
    START WITH 1
    INCREMENT BY 1
    NO MINVALUE
    NO MAXVALUE
    CACHE 1
);


--
-- Name: orders_payment; Type: TABLE; Schema: public; Owner: postgres
--

CREATE TABLE public.orders_payment (
    id bigint NOT NULL,
    amount numeric(10,2) NOT NULL,
    payment_method character varying(50) NOT NULL,
    payment_date timestamp with time zone NOT NULL,
    status character varying(20) NOT NULL,
    order_id bigint NOT NULL
);


ALTER TABLE public.orders_payment OWNER TO postgres;

--
-- Name: orders_payment_id_seq; Type: SEQUENCE; Schema: public; Owner: postgres
--

ALTER TABLE public.orders_payment ALTER COLUMN id ADD GENERATED BY DEFAULT AS IDENTITY (
    SEQUENCE NAME public.orders_payment_id_seq
    START WITH 1
    INCREMENT BY 1
    NO MINVALUE
    NO MAXVALUE
    CACHE 1
);


--
-- Name: orders_shipping; Type: TABLE; Schema: public; Owner: postgres
--

CREATE TABLE public.orders_shipping (
    id bigint NOT NULL,
    tracking_number character varying(50),
    shipping_date timestamp with time zone,
    delivery_date timestamp with time zone,
    shipping_method character varying(50),
    order_id bigint NOT NULL
);


ALTER TABLE public.orders_shipping OWNER TO postgres;

--
-- Name: orders_shipping_id_seq; Type: SEQUENCE; Schema: public; Owner: postgres
--

ALTER TABLE public.orders_shipping ALTER COLUMN id ADD GENERATED BY DEFAULT AS IDENTITY (
    SEQUENCE NAME public.orders_shipping_id_seq
    START WITH 1
    INCREMENT BY 1
    NO MINVALUE
    NO MAXVALUE
    CACHE 1
);


--
-- Name: products_category; Type: TABLE; Schema: public; Owner: postgres
--

CREATE TABLE public.products_category (
    id bigint NOT NULL,
    name character varying(255) NOT NULL,
    slug character varying(50) NOT NULL,
    parent_id bigint
);


ALTER TABLE public.products_category OWNER TO postgres;

--
-- Name: products_category_id_seq; Type: SEQUENCE; Schema: public; Owner: postgres
--

ALTER TABLE public.products_category ALTER COLUMN id ADD GENERATED BY DEFAULT AS IDENTITY (
    SEQUENCE NAME public.products_category_id_seq
    START WITH 1
    INCREMENT BY 1
    NO MINVALUE
    NO MAXVALUE
    CACHE 1
);


--
-- Name: products_product; Type: TABLE; Schema: public; Owner: postgres
--

CREATE TABLE public.products_product (
    id bigint NOT NULL,
    name character varying(255) NOT NULL,
    description text NOT NULL,
    price numeric(10,2) NOT NULL,
    discount_price numeric(10,2),
    sku integer NOT NULL,
    image character varying(100),
    color character varying(20) NOT NULL,
    created_at timestamp with time zone NOT NULL,
    updated_at timestamp with time zone NOT NULL,
    category_id bigint,
    seller_id bigint NOT NULL,
    CONSTRAINT products_product_sku_check CHECK ((sku >= 0))
);


ALTER TABLE public.products_product OWNER TO postgres;

--
-- Name: products_product_id_seq; Type: SEQUENCE; Schema: public; Owner: postgres
--

ALTER TABLE public.products_product ALTER COLUMN id ADD GENERATED BY DEFAULT AS IDENTITY (
    SEQUENCE NAME public.products_product_id_seq
    START WITH 1
    INCREMENT BY 1
    NO MINVALUE
    NO MAXVALUE
    CACHE 1
);


--
-- Name: products_productattribute; Type: TABLE; Schema: public; Owner: postgres
--

CREATE TABLE public.products_productattribute (
    id bigint NOT NULL,
    attribute_name character varying(255) NOT NULL,
    attribute_value character varying(255) NOT NULL,
    product_id bigint NOT NULL
);


ALTER TABLE public.products_productattribute OWNER TO postgres;

--
-- Name: products_productattribute_id_seq; Type: SEQUENCE; Schema: public; Owner: postgres
--

ALTER TABLE public.products_productattribute ALTER COLUMN id ADD GENERATED BY DEFAULT AS IDENTITY (
    SEQUENCE NAME public.products_productattribute_id_seq
    START WITH 1
    INCREMENT BY 1
    NO MINVALUE
    NO MAXVALUE
    CACHE 1
);


--
-- Name: products_productimage; Type: TABLE; Schema: public; Owner: postgres
--

CREATE TABLE public.products_productimage (
    id bigint NOT NULL,
    image character varying(100) NOT NULL,
    product_id bigint NOT NULL
);


ALTER TABLE public.products_productimage OWNER TO postgres;

--
-- Name: products_productimage_id_seq; Type: SEQUENCE; Schema: public; Owner: postgres
--

ALTER TABLE public.products_productimage ALTER COLUMN id ADD GENERATED BY DEFAULT AS IDENTITY (
    SEQUENCE NAME public.products_productimage_id_seq
    START WITH 1
    INCREMENT BY 1
    NO MINVALUE
    NO MAXVALUE
    CACHE 1
);


--
-- Name: products_productreview; Type: TABLE; Schema: public; Owner: postgres
--

CREATE TABLE public.products_productreview (
    id bigint NOT NULL,
    rating integer NOT NULL,
    title character varying(255) NOT NULL,
    body text,
    created_at timestamp with time zone NOT NULL,
    product_id bigint NOT NULL,
    user_id bigint NOT NULL
);


ALTER TABLE public.products_productreview OWNER TO postgres;

--
-- Name: products_productreview_id_seq; Type: SEQUENCE; Schema: public; Owner: postgres
--

ALTER TABLE public.products_productreview ALTER COLUMN id ADD GENERATED BY DEFAULT AS IDENTITY (
    SEQUENCE NAME public.products_productreview_id_seq
    START WITH 1
    INCREMENT BY 1
    NO MINVALUE
    NO MAXVALUE
    CACHE 1
);


--
-- Name: products_userproductinteraction; Type: TABLE; Schema: public; Owner: postgres
--

CREATE TABLE public.products_userproductinteraction (
    id bigint NOT NULL,
    interaction_type character varying(50) NOT NULL,
    interaction_date timestamp with time zone NOT NULL,
    product_id bigint NOT NULL,
    user_id bigint
);


ALTER TABLE public.products_userproductinteraction OWNER TO postgres;

--
-- Name: products_userproductinteraction_id_seq; Type: SEQUENCE; Schema: public; Owner: postgres
--

ALTER TABLE public.products_userproductinteraction ALTER COLUMN id ADD GENERATED BY DEFAULT AS IDENTITY (
    SEQUENCE NAME public.products_userproductinteraction_id_seq
    START WITH 1
    INCREMENT BY 1
    NO MINVALUE
    NO MAXVALUE
    CACHE 1
);


--
-- Name: seller_sellerprofile; Type: TABLE; Schema: public; Owner: postgres
--

CREATE TABLE public.seller_sellerprofile (
    id bigint NOT NULL,
    store_name character varying(255) NOT NULL,
    description text NOT NULL,
    logo character varying(100),
    business_registration_number character varying(50),
    established_date date,
    location character varying(255),
    website character varying(200),
    social_media_links jsonb,
    rating numeric(3,2) NOT NULL,
    number_of_sales integer NOT NULL,
    preferred_shipping_method character varying(255),
    customer_support_email character varying(254),
    customer_support_phone character varying(15),
    bank_account_number character varying(20),
    bank_routing_number character varying(9),
    user_id bigint NOT NULL,
    CONSTRAINT seller_sellerprofile_number_of_sales_check CHECK ((number_of_sales >= 0))
);


ALTER TABLE public.seller_sellerprofile OWNER TO postgres;

--
-- Name: seller_sellerprofile_id_seq; Type: SEQUENCE; Schema: public; Owner: postgres
--

ALTER TABLE public.seller_sellerprofile ALTER COLUMN id ADD GENERATED BY DEFAULT AS IDENTITY (
    SEQUENCE NAME public.seller_sellerprofile_id_seq
    START WITH 1
    INCREMENT BY 1
    NO MINVALUE
    NO MAXVALUE
    CACHE 1
);


--
-- Data for Name: accounts_buyerprofile; Type: TABLE DATA; Schema: public; Owner: postgres
--

COPY public.accounts_buyerprofile (id, date_of_birth, preferred_payment_method, preferred_shipping_address, communication_preferences, loyalty_points, newsletter_subscription, user_id, billing_address_id) FROM stdin;
\.


--
-- Data for Name: accounts_buyerprofile_buy_history; Type: TABLE DATA; Schema: public; Owner: postgres
--

COPY public.accounts_buyerprofile_buy_history (id, buyerprofile_id, order_id) FROM stdin;
\.


--
-- Data for Name: accounts_buyerprofile_favorite_categories; Type: TABLE DATA; Schema: public; Owner: postgres
--

COPY public.accounts_buyerprofile_favorite_categories (id, buyerprofile_id, category_id) FROM stdin;
\.


--
-- Data for Name: accounts_buyerprofile_shipping_addresses; Type: TABLE DATA; Schema: public; Owner: postgres
--

COPY public.accounts_buyerprofile_shipping_addresses (id, buyerprofile_id, shippingaddress_id) FROM stdin;
\.


--
-- Data for Name: accounts_buyerprofile_wishlist; Type: TABLE DATA; Schema: public; Owner: postgres
--

COPY public.accounts_buyerprofile_wishlist (id, buyerprofile_id, product_id) FROM stdin;
\.


--
-- Data for Name: accounts_customuser; Type: TABLE DATA; Schema: public; Owner: postgres
--

COPY public.accounts_customuser (id, password, is_superuser, username, first_name, last_name, is_staff, is_active, is_seller, is_buyer, phone_number, otp, otp_expiry, email, profile_picture, date_joined, last_login) FROM stdin;
1	pbkdf2_sha256$720000$Ae5VMOHPuS6JtIf3YkXW6P$jWN8MpNrvU8tq+iM3i/m3kE2JTBcEx47T7jlrBJ4sG8=	t	kiarash			t	t	f	t	\N	\N	\N			2024-08-20 15:25:39.93845+00	2024-08-20 16:09:34.531426+00
\.


--
-- Data for Name: accounts_customuser_groups; Type: TABLE DATA; Schema: public; Owner: postgres
--

COPY public.accounts_customuser_groups (id, customuser_id, group_id) FROM stdin;
\.


--
-- Data for Name: accounts_customuser_user_permissions; Type: TABLE DATA; Schema: public; Owner: postgres
--

COPY public.accounts_customuser_user_permissions (id, customuser_id, permission_id) FROM stdin;
\.


--
-- Data for Name: accounts_shippingaddress; Type: TABLE DATA; Schema: public; Owner: postgres
--

COPY public.accounts_shippingaddress (id, address_line1, address_line2, city, state, postal_code, country, is_default, user_id) FROM stdin;
\.


--
-- Data for Name: auth_group; Type: TABLE DATA; Schema: public; Owner: postgres
--

COPY public.auth_group (id, name) FROM stdin;
\.


--
-- Data for Name: auth_group_permissions; Type: TABLE DATA; Schema: public; Owner: postgres
--

COPY public.auth_group_permissions (id, group_id, permission_id) FROM stdin;
\.


--
-- Data for Name: auth_permission; Type: TABLE DATA; Schema: public; Owner: postgres
--

COPY public.auth_permission (id, name, content_type_id, codename) FROM stdin;
1	Can add group	1	add_group
2	Can change group	1	change_group
3	Can delete group	1	delete_group
4	Can view group	1	view_group
5	Can add permission	2	add_permission
6	Can change permission	2	change_permission
7	Can delete permission	2	delete_permission
8	Can view permission	2	view_permission
9	Can add content type	3	add_contenttype
10	Can change content type	3	change_contenttype
11	Can delete content type	3	delete_contenttype
12	Can view content type	3	view_contenttype
13	Can add buyer profile	4	add_buyerprofile
14	Can change buyer profile	4	change_buyerprofile
15	Can delete buyer profile	4	delete_buyerprofile
16	Can view buyer profile	4	view_buyerprofile
17	Can add shipping address	5	add_shippingaddress
18	Can change shipping address	5	change_shippingaddress
19	Can delete shipping address	5	delete_shippingaddress
20	Can view shipping address	5	view_shippingaddress
21	Can add user	6	add_customuser
22	Can change user	6	change_customuser
23	Can delete user	6	delete_customuser
24	Can view user	6	view_customuser
25	Can add seller profile	7	add_sellerprofile
26	Can change seller profile	7	change_sellerprofile
27	Can delete seller profile	7	delete_sellerprofile
28	Can view seller profile	7	view_sellerprofile
29	Can add payment	8	add_payment
30	Can change payment	8	change_payment
31	Can delete payment	8	delete_payment
32	Can view payment	8	view_payment
33	Can add order item	9	add_orderitem
34	Can change order item	9	change_orderitem
35	Can delete order item	9	delete_orderitem
36	Can view order item	9	view_orderitem
37	Can add shipping	10	add_shipping
38	Can change shipping	10	change_shipping
39	Can delete shipping	10	delete_shipping
40	Can view shipping	10	view_shipping
41	Can add order	11	add_order
42	Can change order	11	change_order
43	Can delete order	11	delete_order
44	Can view order	11	view_order
45	Can add product	12	add_product
46	Can change product	12	change_product
47	Can delete product	12	delete_product
48	Can view product	12	view_product
49	Can add product review	13	add_productreview
50	Can change product review	13	change_productreview
51	Can delete product review	13	delete_productreview
52	Can view product review	13	view_productreview
53	Can add category	14	add_category
54	Can change category	14	change_category
55	Can delete category	14	delete_category
56	Can view category	14	view_category
57	Can add product attribute	15	add_productattribute
58	Can change product attribute	15	change_productattribute
59	Can delete product attribute	15	delete_productattribute
60	Can view product attribute	15	view_productattribute
61	Can add product image	16	add_productimage
62	Can change product image	16	change_productimage
63	Can delete product image	16	delete_productimage
64	Can view product image	16	view_productimage
65	Can add user product interaction	17	add_userproductinteraction
66	Can change user product interaction	17	change_userproductinteraction
67	Can delete user product interaction	17	delete_userproductinteraction
68	Can view user product interaction	17	view_userproductinteraction
69	Can add cart item	18	add_cartitem
70	Can change cart item	18	change_cartitem
71	Can delete cart item	18	delete_cartitem
72	Can view cart item	18	view_cartitem
73	Can add cart	19	add_cart
74	Can change cart	19	change_cart
75	Can delete cart	19	delete_cart
76	Can view cart	19	view_cart
77	Can add log entry	20	add_logentry
78	Can change log entry	20	change_logentry
79	Can delete log entry	20	delete_logentry
80	Can view log entry	20	view_logentry
81	Can add session	21	add_session
82	Can change session	21	change_session
83	Can delete session	21	delete_session
84	Can view session	21	view_session
\.


--
-- Data for Name: cart_cart; Type: TABLE DATA; Schema: public; Owner: postgres
--

COPY public.cart_cart (id, created_at, user_id) FROM stdin;
1	2024-08-20 15:25:45.260544+00	1
\.


--
-- Data for Name: cart_cartitem; Type: TABLE DATA; Schema: public; Owner: postgres
--

COPY public.cart_cartitem (id, quantity, cart_id, product_id) FROM stdin;
\.


--
-- Data for Name: django_admin_log; Type: TABLE DATA; Schema: public; Owner: postgres
--

COPY public.django_admin_log (id, action_time, object_id, object_repr, action_flag, change_message, content_type_id, user_id) FROM stdin;
1	2024-08-20 15:26:30.294279+00	1	MOBILE	1	[{"added": {}}]	14	1
2	2024-08-20 15:29:18.772173+00	2	کالای دیجیتال	1	[{"added": {}}]	14	1
3	2024-08-20 15:29:33.040008+00	1	MOBILE	3		14	1
4	2024-08-20 15:30:52.246873+00	3	موبایل	1	[{"added": {}}]	14	1
5	2024-08-20 15:34:24.171771+00	4	کتاب ‍/ لوازم تحریر /هنر	1	[{"added": {}}]	14	1
6	2024-08-20 15:35:02.936762+00	5	خانه و آشپزخانه	1	[{"added": {}}]	14	1
7	2024-08-20 15:35:51.773885+00	6	لوازم خانگی برقی	1	[{"added": {}}]	14	1
8	2024-08-20 15:37:47.703873+00	7	مد/ لباس/  پوشاک	1	[{"added": {}}]	14	1
9	2024-08-20 15:39:45.480188+00	8	لوازم شخصی / آرایشی /بهداشتی	1	[{"added": {}}]	14	1
10	2024-08-20 15:40:45.916803+00	9	تجهیزات پزشکی /بهداشتی /سلامت	1	[{"added": {}}]	14	1
11	2024-08-20 15:45:03.01989+00	10	ماشین /موتور/ وسایل نقلیه	1	[{"added": {}}]	14	1
12	2024-08-20 15:47:28.325574+00	11	ابزار /تجهیزات /ساختمان	1	[{"added": {}}]	14	1
13	2024-08-20 15:49:14.325834+00	12	لوازم مادر و فرزند /اسباب بازی	1	[{"added": {}}]	14	1
14	2024-08-20 15:54:31.75742+00	13	جایگاه فلسطین	1	[{"added": {}}]	14	1
15	2024-08-20 15:54:33.247513+00	12	لوازم مادر و فرزند /اسباب بازی	2	[{"changed": {"fields": ["Parent"]}}]	14	1
16	2024-08-20 17:06:28.324067+00	12	لوازم مادر و فرزند /اسباب بازی	2	[{"changed": {"fields": ["Parent"]}}]	14	1
17	2024-08-20 17:07:09.395747+00	14	آیفون	1	[{"added": {}}]	14	1
18	2024-08-20 17:07:33.18342+00	15	اندروید	1	[{"added": {}}]	14	1
19	2024-08-20 17:08:06.627819+00	14	آیفون	2	[{"changed": {"fields": ["Slug"]}}]	14	1
20	2024-08-20 17:08:15.563332+00	15	اندروید	2	[{"changed": {"fields": ["Slug"]}}]	14	1
21	2024-08-20 17:08:39.956454+00	16	شیاومی	1	[{"added": {}}]	14	1
22	2024-08-20 17:09:34.072469+00	14	آیفون	3		14	1
23	2024-08-20 17:09:34.080087+00	15	اندروید	3		14	1
24	2024-08-20 17:09:34.084833+00	16	شیاومی	3		14	1
25	2024-08-20 17:10:22.923852+00	17	برند های موبایل	1	[{"added": {}}]	14	1
26	2024-08-20 17:11:42.007872+00	18	لوازم جانبی موبایل	1	[{"added": {}}]	14	1
27	2024-08-20 17:12:49.653761+00	19	موبایل بر اساس قیمت	1	[{"added": {}}]	14	1
28	2024-08-20 17:14:07.757875+00	20	موبایل بر اساس نیاز	1	[{"added": {}}]	14	1
29	2024-08-20 17:14:09.603337+00	20	موبایل بر اساس نیاز	2	[]	14	1
30	2024-08-20 17:14:56.124782+00	21	لب تاپ	1	[{"added": {}}]	14	1
31	2024-08-20 17:15:36.878135+00	22	لوازم جانبی لپتاپ	1	[{"added": {}}]	14	1
\.


--
-- Data for Name: django_content_type; Type: TABLE DATA; Schema: public; Owner: postgres
--

COPY public.django_content_type (id, app_label, model) FROM stdin;
1	auth	group
2	auth	permission
3	contenttypes	contenttype
4	accounts	buyerprofile
5	accounts	shippingaddress
6	accounts	customuser
7	seller	sellerprofile
8	orders	payment
9	orders	orderitem
10	orders	shipping
11	orders	order
12	products	product
13	products	productreview
14	products	category
15	products	productattribute
16	products	productimage
17	products	userproductinteraction
18	cart	cartitem
19	cart	cart
20	admin	logentry
21	sessions	session
\.


--
-- Data for Name: django_migrations; Type: TABLE DATA; Schema: public; Owner: postgres
--

COPY public.django_migrations (id, app, name, applied) FROM stdin;
1	contenttypes	0001_initial	2024-08-20 15:01:33.572717+00
2	contenttypes	0002_remove_content_type_name	2024-08-20 15:01:49.440549+00
3	auth	0001_initial	2024-08-20 15:01:49.553056+00
4	auth	0002_alter_permission_name_max_length	2024-08-20 15:01:49.562209+00
5	auth	0003_alter_user_email_max_length	2024-08-20 15:01:49.574263+00
6	auth	0004_alter_user_username_opts	2024-08-20 15:01:49.592065+00
7	auth	0005_alter_user_last_login_null	2024-08-20 15:01:49.612468+00
8	auth	0006_require_contenttypes_0002	2024-08-20 15:01:49.618382+00
9	auth	0007_alter_validators_add_error_messages	2024-08-20 15:01:49.637625+00
10	auth	0008_alter_user_username_max_length	2024-08-20 15:01:49.653586+00
11	auth	0009_alter_user_last_name_max_length	2024-08-20 15:01:49.678365+00
12	auth	0010_alter_group_name_max_length	2024-08-20 15:01:49.702461+00
13	auth	0011_update_proxy_permissions	2024-08-20 15:01:49.763347+00
14	auth	0012_alter_user_first_name_max_length	2024-08-20 15:01:49.783034+00
15	accounts	0001_initial	2024-08-20 15:20:43.873581+00
16	seller	0001_initial	2024-08-20 15:20:43.954075+00
17	products	0001_initial	2024-08-20 15:20:52.771739+00
18	orders	0001_initial	2024-08-20 15:20:52.976308+00
19	accounts	0002_initial	2024-08-20 15:20:53.31631+00
20	cart	0001_initial	2024-08-20 15:21:05.782646+00
21	admin	0001_initial	2024-08-20 15:24:38.343616+00
22	admin	0002_logentry_remove_auto_add	2024-08-20 15:24:38.382892+00
23	admin	0003_logentry_add_action_flag_choices	2024-08-20 15:24:38.440429+00
24	sessions	0001_initial	2024-08-20 15:24:38.480878+00
\.


--
-- Data for Name: django_session; Type: TABLE DATA; Schema: public; Owner: postgres
--

COPY public.django_session (session_key, session_data, expire_date) FROM stdin;
v179t9zprsermew12k0on8w8cjthn2bo	.eJxVjDsOwjAQBe_iGlmsvwslfc5g2bsODiBbipMKcXcSKQW0b2beW4S4LiWsPc9hYnEVIE6_W4r0zHUH_Ij13iS1usxTkrsiD9rl0Di_bof7d1BiL1ttwSm2RqM3WgFlx0Cjp2TA-o3obM9GWyR0ljUCmosHdHmMyI6QlPh8AbE7Nsk:1sgRQM:EMmB9RLI29nogw6Vx7l-5iusSZtS3zira1BoJjUfID0	2024-09-03 16:09:34.535612+00
\.


--
-- Data for Name: orders_order; Type: TABLE DATA; Schema: public; Owner: postgres
--

COPY public.orders_order (id, status, created_at, updated_at, total_price, shipping_address, payment_status, buyer_id) FROM stdin;
\.


--
-- Data for Name: orders_orderitem; Type: TABLE DATA; Schema: public; Owner: postgres
--

COPY public.orders_orderitem (id, quantity, price, order_id, product_id) FROM stdin;
\.


--
-- Data for Name: orders_payment; Type: TABLE DATA; Schema: public; Owner: postgres
--

COPY public.orders_payment (id, amount, payment_method, payment_date, status, order_id) FROM stdin;
\.


--
-- Data for Name: orders_shipping; Type: TABLE DATA; Schema: public; Owner: postgres
--

COPY public.orders_shipping (id, tracking_number, shipping_date, delivery_date, shipping_method, order_id) FROM stdin;
\.


--
-- Data for Name: products_category; Type: TABLE DATA; Schema: public; Owner: postgres
--

COPY public.products_category (id, name, slug, parent_id) FROM stdin;
2	کالای دیجیتال	electronic-devices	\N
3	موبایل	mobile-devices	\N
4	کتاب ‍/ لوازم تحریر /هنر	book-media-Stationery	\N
5	خانه و آشپزخانه	home-and-kitchen	\N
6	لوازم خانگی برقی	Electric-household-appliances	\N
7	مد/ لباس/  پوشاک	Fashion-Clothes-Apparel	\N
8	لوازم شخصی / آرایشی /بهداشتی	personal-and-makeup-appliance	\N
9	تجهیزات پزشکی /بهداشتی /سلامت	Medical-sanitary-health-equipment	\N
10	ماشین /موتور/ وسایل نقلیه	spare-parts-of-vehicles	\N
11	ابزار /تجهیزات /ساختمان	tools-equipment-repairs	\N
13	جایگاه فلسطین	jaygah-felestin	\N
12	لوازم مادر و فرزند /اسباب بازی	Mother-child-accessories-toys	\N
17	برند های موبایل	mobile-devices-brands	3
18	لوازم جانبی موبایل	Mobile-accessories	3
19	موبایل بر اساس قیمت	Mobile-based-on-price	3
20	موبایل بر اساس نیاز	Mobile-according-to-need	3
21	لب تاپ	laptop-devices	2
22	لوازم جانبی لپتاپ	Laptop-accessories	2
\.


--
-- Data for Name: products_product; Type: TABLE DATA; Schema: public; Owner: postgres
--

COPY public.products_product (id, name, description, price, discount_price, sku, image, color, created_at, updated_at, category_id, seller_id) FROM stdin;
\.


--
-- Data for Name: products_productattribute; Type: TABLE DATA; Schema: public; Owner: postgres
--

COPY public.products_productattribute (id, attribute_name, attribute_value, product_id) FROM stdin;
\.


--
-- Data for Name: products_productimage; Type: TABLE DATA; Schema: public; Owner: postgres
--

COPY public.products_productimage (id, image, product_id) FROM stdin;
\.


--
-- Data for Name: products_productreview; Type: TABLE DATA; Schema: public; Owner: postgres
--

COPY public.products_productreview (id, rating, title, body, created_at, product_id, user_id) FROM stdin;
\.


--
-- Data for Name: products_userproductinteraction; Type: TABLE DATA; Schema: public; Owner: postgres
--

COPY public.products_userproductinteraction (id, interaction_type, interaction_date, product_id, user_id) FROM stdin;
\.


--
-- Data for Name: seller_sellerprofile; Type: TABLE DATA; Schema: public; Owner: postgres
--

COPY public.seller_sellerprofile (id, store_name, description, logo, business_registration_number, established_date, location, website, social_media_links, rating, number_of_sales, preferred_shipping_method, customer_support_email, customer_support_phone, bank_account_number, bank_routing_number, user_id) FROM stdin;
\.


--
-- Name: accounts_buyerprofile_buy_history_id_seq; Type: SEQUENCE SET; Schema: public; Owner: postgres
--

SELECT pg_catalog.setval('public.accounts_buyerprofile_buy_history_id_seq', 1, false);


--
-- Name: accounts_buyerprofile_favorite_categories_id_seq; Type: SEQUENCE SET; Schema: public; Owner: postgres
--

SELECT pg_catalog.setval('public.accounts_buyerprofile_favorite_categories_id_seq', 1, false);


--
-- Name: accounts_buyerprofile_id_seq; Type: SEQUENCE SET; Schema: public; Owner: postgres
--

SELECT pg_catalog.setval('public.accounts_buyerprofile_id_seq', 1, false);


--
-- Name: accounts_buyerprofile_shipping_addresses_id_seq; Type: SEQUENCE SET; Schema: public; Owner: postgres
--

SELECT pg_catalog.setval('public.accounts_buyerprofile_shipping_addresses_id_seq', 1, false);


--
-- Name: accounts_buyerprofile_wishlist_id_seq; Type: SEQUENCE SET; Schema: public; Owner: postgres
--

SELECT pg_catalog.setval('public.accounts_buyerprofile_wishlist_id_seq', 1, false);


--
-- Name: accounts_customuser_groups_id_seq; Type: SEQUENCE SET; Schema: public; Owner: postgres
--

SELECT pg_catalog.setval('public.accounts_customuser_groups_id_seq', 1, false);


--
-- Name: accounts_customuser_id_seq; Type: SEQUENCE SET; Schema: public; Owner: postgres
--

SELECT pg_catalog.setval('public.accounts_customuser_id_seq', 1, true);


--
-- Name: accounts_customuser_user_permissions_id_seq; Type: SEQUENCE SET; Schema: public; Owner: postgres
--

SELECT pg_catalog.setval('public.accounts_customuser_user_permissions_id_seq', 1, false);


--
-- Name: accounts_shippingaddress_id_seq; Type: SEQUENCE SET; Schema: public; Owner: postgres
--

SELECT pg_catalog.setval('public.accounts_shippingaddress_id_seq', 1, false);


--
-- Name: auth_group_id_seq; Type: SEQUENCE SET; Schema: public; Owner: postgres
--

SELECT pg_catalog.setval('public.auth_group_id_seq', 1, false);


--
-- Name: auth_group_permissions_id_seq; Type: SEQUENCE SET; Schema: public; Owner: postgres
--

SELECT pg_catalog.setval('public.auth_group_permissions_id_seq', 1, false);


--
-- Name: auth_permission_id_seq; Type: SEQUENCE SET; Schema: public; Owner: postgres
--

SELECT pg_catalog.setval('public.auth_permission_id_seq', 84, true);


--
-- Name: cart_cart_id_seq; Type: SEQUENCE SET; Schema: public; Owner: postgres
--

SELECT pg_catalog.setval('public.cart_cart_id_seq', 1, true);


--
-- Name: cart_cartitem_id_seq; Type: SEQUENCE SET; Schema: public; Owner: postgres
--

SELECT pg_catalog.setval('public.cart_cartitem_id_seq', 1, false);


--
-- Name: django_admin_log_id_seq; Type: SEQUENCE SET; Schema: public; Owner: postgres
--

SELECT pg_catalog.setval('public.django_admin_log_id_seq', 31, true);


--
-- Name: django_content_type_id_seq; Type: SEQUENCE SET; Schema: public; Owner: postgres
--

SELECT pg_catalog.setval('public.django_content_type_id_seq', 21, true);


--
-- Name: django_migrations_id_seq; Type: SEQUENCE SET; Schema: public; Owner: postgres
--

SELECT pg_catalog.setval('public.django_migrations_id_seq', 24, true);


--
-- Name: orders_order_id_seq; Type: SEQUENCE SET; Schema: public; Owner: postgres
--

SELECT pg_catalog.setval('public.orders_order_id_seq', 1, false);


--
-- Name: orders_orderitem_id_seq; Type: SEQUENCE SET; Schema: public; Owner: postgres
--

SELECT pg_catalog.setval('public.orders_orderitem_id_seq', 1, false);


--
-- Name: orders_payment_id_seq; Type: SEQUENCE SET; Schema: public; Owner: postgres
--

SELECT pg_catalog.setval('public.orders_payment_id_seq', 1, false);


--
-- Name: orders_shipping_id_seq; Type: SEQUENCE SET; Schema: public; Owner: postgres
--

SELECT pg_catalog.setval('public.orders_shipping_id_seq', 1, false);


--
-- Name: products_category_id_seq; Type: SEQUENCE SET; Schema: public; Owner: postgres
--

SELECT pg_catalog.setval('public.products_category_id_seq', 22, true);


--
-- Name: products_product_id_seq; Type: SEQUENCE SET; Schema: public; Owner: postgres
--

SELECT pg_catalog.setval('public.products_product_id_seq', 1, false);


--
-- Name: products_productattribute_id_seq; Type: SEQUENCE SET; Schema: public; Owner: postgres
--

SELECT pg_catalog.setval('public.products_productattribute_id_seq', 1, false);


--
-- Name: products_productimage_id_seq; Type: SEQUENCE SET; Schema: public; Owner: postgres
--

SELECT pg_catalog.setval('public.products_productimage_id_seq', 1, false);


--
-- Name: products_productreview_id_seq; Type: SEQUENCE SET; Schema: public; Owner: postgres
--

SELECT pg_catalog.setval('public.products_productreview_id_seq', 1, false);


--
-- Name: products_userproductinteraction_id_seq; Type: SEQUENCE SET; Schema: public; Owner: postgres
--

SELECT pg_catalog.setval('public.products_userproductinteraction_id_seq', 1, false);


--
-- Name: seller_sellerprofile_id_seq; Type: SEQUENCE SET; Schema: public; Owner: postgres
--

SELECT pg_catalog.setval('public.seller_sellerprofile_id_seq', 1, false);


--
-- Name: accounts_buyerprofile_buy_history accounts_buyerprofile_bu_buyerprofile_id_order_id_f06f1c9f_uniq; Type: CONSTRAINT; Schema: public; Owner: postgres
--

ALTER TABLE ONLY public.accounts_buyerprofile_buy_history
    ADD CONSTRAINT accounts_buyerprofile_bu_buyerprofile_id_order_id_f06f1c9f_uniq UNIQUE (buyerprofile_id, order_id);


--
-- Name: accounts_buyerprofile_buy_history accounts_buyerprofile_buy_history_pkey; Type: CONSTRAINT; Schema: public; Owner: postgres
--

ALTER TABLE ONLY public.accounts_buyerprofile_buy_history
    ADD CONSTRAINT accounts_buyerprofile_buy_history_pkey PRIMARY KEY (id);


--
-- Name: accounts_buyerprofile_favorite_categories accounts_buyerprofile_fa_buyerprofile_id_category_b68928ba_uniq; Type: CONSTRAINT; Schema: public; Owner: postgres
--

ALTER TABLE ONLY public.accounts_buyerprofile_favorite_categories
    ADD CONSTRAINT accounts_buyerprofile_fa_buyerprofile_id_category_b68928ba_uniq UNIQUE (buyerprofile_id, category_id);


--
-- Name: accounts_buyerprofile_favorite_categories accounts_buyerprofile_favorite_categories_pkey; Type: CONSTRAINT; Schema: public; Owner: postgres
--

ALTER TABLE ONLY public.accounts_buyerprofile_favorite_categories
    ADD CONSTRAINT accounts_buyerprofile_favorite_categories_pkey PRIMARY KEY (id);


--
-- Name: accounts_buyerprofile accounts_buyerprofile_pkey; Type: CONSTRAINT; Schema: public; Owner: postgres
--

ALTER TABLE ONLY public.accounts_buyerprofile
    ADD CONSTRAINT accounts_buyerprofile_pkey PRIMARY KEY (id);


--
-- Name: accounts_buyerprofile_shipping_addresses accounts_buyerprofile_sh_buyerprofile_id_shipping_9a895e39_uniq; Type: CONSTRAINT; Schema: public; Owner: postgres
--

ALTER TABLE ONLY public.accounts_buyerprofile_shipping_addresses
    ADD CONSTRAINT accounts_buyerprofile_sh_buyerprofile_id_shipping_9a895e39_uniq UNIQUE (buyerprofile_id, shippingaddress_id);


--
-- Name: accounts_buyerprofile_shipping_addresses accounts_buyerprofile_shipping_addresses_pkey; Type: CONSTRAINT; Schema: public; Owner: postgres
--

ALTER TABLE ONLY public.accounts_buyerprofile_shipping_addresses
    ADD CONSTRAINT accounts_buyerprofile_shipping_addresses_pkey PRIMARY KEY (id);


--
-- Name: accounts_buyerprofile accounts_buyerprofile_user_id_key; Type: CONSTRAINT; Schema: public; Owner: postgres
--

ALTER TABLE ONLY public.accounts_buyerprofile
    ADD CONSTRAINT accounts_buyerprofile_user_id_key UNIQUE (user_id);


--
-- Name: accounts_buyerprofile_wishlist accounts_buyerprofile_wi_buyerprofile_id_product__41808a83_uniq; Type: CONSTRAINT; Schema: public; Owner: postgres
--

ALTER TABLE ONLY public.accounts_buyerprofile_wishlist
    ADD CONSTRAINT accounts_buyerprofile_wi_buyerprofile_id_product__41808a83_uniq UNIQUE (buyerprofile_id, product_id);


--
-- Name: accounts_buyerprofile_wishlist accounts_buyerprofile_wishlist_pkey; Type: CONSTRAINT; Schema: public; Owner: postgres
--

ALTER TABLE ONLY public.accounts_buyerprofile_wishlist
    ADD CONSTRAINT accounts_buyerprofile_wishlist_pkey PRIMARY KEY (id);


--
-- Name: accounts_customuser accounts_customuser_email_key; Type: CONSTRAINT; Schema: public; Owner: postgres
--

ALTER TABLE ONLY public.accounts_customuser
    ADD CONSTRAINT accounts_customuser_email_key UNIQUE (email);


--
-- Name: accounts_customuser_groups accounts_customuser_groups_customuser_id_group_id_c074bdcb_uniq; Type: CONSTRAINT; Schema: public; Owner: postgres
--

ALTER TABLE ONLY public.accounts_customuser_groups
    ADD CONSTRAINT accounts_customuser_groups_customuser_id_group_id_c074bdcb_uniq UNIQUE (customuser_id, group_id);


--
-- Name: accounts_customuser_groups accounts_customuser_groups_pkey; Type: CONSTRAINT; Schema: public; Owner: postgres
--

ALTER TABLE ONLY public.accounts_customuser_groups
    ADD CONSTRAINT accounts_customuser_groups_pkey PRIMARY KEY (id);


--
-- Name: accounts_customuser accounts_customuser_phone_number_key; Type: CONSTRAINT; Schema: public; Owner: postgres
--

ALTER TABLE ONLY public.accounts_customuser
    ADD CONSTRAINT accounts_customuser_phone_number_key UNIQUE (phone_number);


--
-- Name: accounts_customuser accounts_customuser_pkey; Type: CONSTRAINT; Schema: public; Owner: postgres
--

ALTER TABLE ONLY public.accounts_customuser
    ADD CONSTRAINT accounts_customuser_pkey PRIMARY KEY (id);


--
-- Name: accounts_customuser_user_permissions accounts_customuser_user_customuser_id_permission_9632a709_uniq; Type: CONSTRAINT; Schema: public; Owner: postgres
--

ALTER TABLE ONLY public.accounts_customuser_user_permissions
    ADD CONSTRAINT accounts_customuser_user_customuser_id_permission_9632a709_uniq UNIQUE (customuser_id, permission_id);


--
-- Name: accounts_customuser_user_permissions accounts_customuser_user_permissions_pkey; Type: CONSTRAINT; Schema: public; Owner: postgres
--

ALTER TABLE ONLY public.accounts_customuser_user_permissions
    ADD CONSTRAINT accounts_customuser_user_permissions_pkey PRIMARY KEY (id);


--
-- Name: accounts_customuser accounts_customuser_username_key; Type: CONSTRAINT; Schema: public; Owner: postgres
--

ALTER TABLE ONLY public.accounts_customuser
    ADD CONSTRAINT accounts_customuser_username_key UNIQUE (username);


--
-- Name: accounts_shippingaddress accounts_shippingaddress_pkey; Type: CONSTRAINT; Schema: public; Owner: postgres
--

ALTER TABLE ONLY public.accounts_shippingaddress
    ADD CONSTRAINT accounts_shippingaddress_pkey PRIMARY KEY (id);


--
-- Name: auth_group auth_group_name_key; Type: CONSTRAINT; Schema: public; Owner: postgres
--

ALTER TABLE ONLY public.auth_group
    ADD CONSTRAINT auth_group_name_key UNIQUE (name);


--
-- Name: auth_group_permissions auth_group_permissions_group_id_permission_id_0cd325b0_uniq; Type: CONSTRAINT; Schema: public; Owner: postgres
--

ALTER TABLE ONLY public.auth_group_permissions
    ADD CONSTRAINT auth_group_permissions_group_id_permission_id_0cd325b0_uniq UNIQUE (group_id, permission_id);


--
-- Name: auth_group_permissions auth_group_permissions_pkey; Type: CONSTRAINT; Schema: public; Owner: postgres
--

ALTER TABLE ONLY public.auth_group_permissions
    ADD CONSTRAINT auth_group_permissions_pkey PRIMARY KEY (id);


--
-- Name: auth_group auth_group_pkey; Type: CONSTRAINT; Schema: public; Owner: postgres
--

ALTER TABLE ONLY public.auth_group
    ADD CONSTRAINT auth_group_pkey PRIMARY KEY (id);


--
-- Name: auth_permission auth_permission_content_type_id_codename_01ab375a_uniq; Type: CONSTRAINT; Schema: public; Owner: postgres
--

ALTER TABLE ONLY public.auth_permission
    ADD CONSTRAINT auth_permission_content_type_id_codename_01ab375a_uniq UNIQUE (content_type_id, codename);


--
-- Name: auth_permission auth_permission_pkey; Type: CONSTRAINT; Schema: public; Owner: postgres
--

ALTER TABLE ONLY public.auth_permission
    ADD CONSTRAINT auth_permission_pkey PRIMARY KEY (id);


--
-- Name: cart_cart cart_cart_pkey; Type: CONSTRAINT; Schema: public; Owner: postgres
--

ALTER TABLE ONLY public.cart_cart
    ADD CONSTRAINT cart_cart_pkey PRIMARY KEY (id);


--
-- Name: cart_cart cart_cart_user_id_key; Type: CONSTRAINT; Schema: public; Owner: postgres
--

ALTER TABLE ONLY public.cart_cart
    ADD CONSTRAINT cart_cart_user_id_key UNIQUE (user_id);


--
-- Name: cart_cartitem cart_cartitem_pkey; Type: CONSTRAINT; Schema: public; Owner: postgres
--

ALTER TABLE ONLY public.cart_cartitem
    ADD CONSTRAINT cart_cartitem_pkey PRIMARY KEY (id);


--
-- Name: django_admin_log django_admin_log_pkey; Type: CONSTRAINT; Schema: public; Owner: postgres
--

ALTER TABLE ONLY public.django_admin_log
    ADD CONSTRAINT django_admin_log_pkey PRIMARY KEY (id);


--
-- Name: django_content_type django_content_type_app_label_model_76bd3d3b_uniq; Type: CONSTRAINT; Schema: public; Owner: postgres
--

ALTER TABLE ONLY public.django_content_type
    ADD CONSTRAINT django_content_type_app_label_model_76bd3d3b_uniq UNIQUE (app_label, model);


--
-- Name: django_content_type django_content_type_pkey; Type: CONSTRAINT; Schema: public; Owner: postgres
--

ALTER TABLE ONLY public.django_content_type
    ADD CONSTRAINT django_content_type_pkey PRIMARY KEY (id);


--
-- Name: django_migrations django_migrations_pkey; Type: CONSTRAINT; Schema: public; Owner: postgres
--

ALTER TABLE ONLY public.django_migrations
    ADD CONSTRAINT django_migrations_pkey PRIMARY KEY (id);


--
-- Name: django_session django_session_pkey; Type: CONSTRAINT; Schema: public; Owner: postgres
--

ALTER TABLE ONLY public.django_session
    ADD CONSTRAINT django_session_pkey PRIMARY KEY (session_key);


--
-- Name: orders_order orders_order_pkey; Type: CONSTRAINT; Schema: public; Owner: postgres
--

ALTER TABLE ONLY public.orders_order
    ADD CONSTRAINT orders_order_pkey PRIMARY KEY (id);


--
-- Name: orders_orderitem orders_orderitem_pkey; Type: CONSTRAINT; Schema: public; Owner: postgres
--

ALTER TABLE ONLY public.orders_orderitem
    ADD CONSTRAINT orders_orderitem_pkey PRIMARY KEY (id);


--
-- Name: orders_payment orders_payment_order_id_key; Type: CONSTRAINT; Schema: public; Owner: postgres
--

ALTER TABLE ONLY public.orders_payment
    ADD CONSTRAINT orders_payment_order_id_key UNIQUE (order_id);


--
-- Name: orders_payment orders_payment_pkey; Type: CONSTRAINT; Schema: public; Owner: postgres
--

ALTER TABLE ONLY public.orders_payment
    ADD CONSTRAINT orders_payment_pkey PRIMARY KEY (id);


--
-- Name: orders_shipping orders_shipping_order_id_key; Type: CONSTRAINT; Schema: public; Owner: postgres
--

ALTER TABLE ONLY public.orders_shipping
    ADD CONSTRAINT orders_shipping_order_id_key UNIQUE (order_id);


--
-- Name: orders_shipping orders_shipping_pkey; Type: CONSTRAINT; Schema: public; Owner: postgres
--

ALTER TABLE ONLY public.orders_shipping
    ADD CONSTRAINT orders_shipping_pkey PRIMARY KEY (id);


--
-- Name: products_category products_category_pkey; Type: CONSTRAINT; Schema: public; Owner: postgres
--

ALTER TABLE ONLY public.products_category
    ADD CONSTRAINT products_category_pkey PRIMARY KEY (id);


--
-- Name: products_category products_category_slug_key; Type: CONSTRAINT; Schema: public; Owner: postgres
--

ALTER TABLE ONLY public.products_category
    ADD CONSTRAINT products_category_slug_key UNIQUE (slug);


--
-- Name: products_product products_product_pkey; Type: CONSTRAINT; Schema: public; Owner: postgres
--

ALTER TABLE ONLY public.products_product
    ADD CONSTRAINT products_product_pkey PRIMARY KEY (id);


--
-- Name: products_productattribute products_productattribute_pkey; Type: CONSTRAINT; Schema: public; Owner: postgres
--

ALTER TABLE ONLY public.products_productattribute
    ADD CONSTRAINT products_productattribute_pkey PRIMARY KEY (id);


--
-- Name: products_productimage products_productimage_pkey; Type: CONSTRAINT; Schema: public; Owner: postgres
--

ALTER TABLE ONLY public.products_productimage
    ADD CONSTRAINT products_productimage_pkey PRIMARY KEY (id);


--
-- Name: products_productreview products_productreview_pkey; Type: CONSTRAINT; Schema: public; Owner: postgres
--

ALTER TABLE ONLY public.products_productreview
    ADD CONSTRAINT products_productreview_pkey PRIMARY KEY (id);


--
-- Name: products_userproductinteraction products_userproductinteraction_pkey; Type: CONSTRAINT; Schema: public; Owner: postgres
--

ALTER TABLE ONLY public.products_userproductinteraction
    ADD CONSTRAINT products_userproductinteraction_pkey PRIMARY KEY (id);


--
-- Name: seller_sellerprofile seller_sellerprofile_business_registration_number_key; Type: CONSTRAINT; Schema: public; Owner: postgres
--

ALTER TABLE ONLY public.seller_sellerprofile
    ADD CONSTRAINT seller_sellerprofile_business_registration_number_key UNIQUE (business_registration_number);


--
-- Name: seller_sellerprofile seller_sellerprofile_pkey; Type: CONSTRAINT; Schema: public; Owner: postgres
--

ALTER TABLE ONLY public.seller_sellerprofile
    ADD CONSTRAINT seller_sellerprofile_pkey PRIMARY KEY (id);


--
-- Name: seller_sellerprofile seller_sellerprofile_user_id_key; Type: CONSTRAINT; Schema: public; Owner: postgres
--

ALTER TABLE ONLY public.seller_sellerprofile
    ADD CONSTRAINT seller_sellerprofile_user_id_key UNIQUE (user_id);


--
-- Name: accounts_buyerprofile_billing_address_id_38d95982; Type: INDEX; Schema: public; Owner: postgres
--

CREATE INDEX accounts_buyerprofile_billing_address_id_38d95982 ON public.accounts_buyerprofile USING btree (billing_address_id);


--
-- Name: accounts_buyerprofile_buy_history_buyerprofile_id_12ce015e; Type: INDEX; Schema: public; Owner: postgres
--

CREATE INDEX accounts_buyerprofile_buy_history_buyerprofile_id_12ce015e ON public.accounts_buyerprofile_buy_history USING btree (buyerprofile_id);


--
-- Name: accounts_buyerprofile_buy_history_order_id_e31558b8; Type: INDEX; Schema: public; Owner: postgres
--

CREATE INDEX accounts_buyerprofile_buy_history_order_id_e31558b8 ON public.accounts_buyerprofile_buy_history USING btree (order_id);


--
-- Name: accounts_buyerprofile_favo_buyerprofile_id_000ccc07; Type: INDEX; Schema: public; Owner: postgres
--

CREATE INDEX accounts_buyerprofile_favo_buyerprofile_id_000ccc07 ON public.accounts_buyerprofile_favorite_categories USING btree (buyerprofile_id);


--
-- Name: accounts_buyerprofile_favorite_categories_category_id_642293f0; Type: INDEX; Schema: public; Owner: postgres
--

CREATE INDEX accounts_buyerprofile_favorite_categories_category_id_642293f0 ON public.accounts_buyerprofile_favorite_categories USING btree (category_id);


--
-- Name: accounts_buyerprofile_ship_buyerprofile_id_f31d57f3; Type: INDEX; Schema: public; Owner: postgres
--

CREATE INDEX accounts_buyerprofile_ship_buyerprofile_id_f31d57f3 ON public.accounts_buyerprofile_shipping_addresses USING btree (buyerprofile_id);


--
-- Name: accounts_buyerprofile_ship_shippingaddress_id_e432a804; Type: INDEX; Schema: public; Owner: postgres
--

CREATE INDEX accounts_buyerprofile_ship_shippingaddress_id_e432a804 ON public.accounts_buyerprofile_shipping_addresses USING btree (shippingaddress_id);


--
-- Name: accounts_buyerprofile_wishlist_buyerprofile_id_847ebd49; Type: INDEX; Schema: public; Owner: postgres
--

CREATE INDEX accounts_buyerprofile_wishlist_buyerprofile_id_847ebd49 ON public.accounts_buyerprofile_wishlist USING btree (buyerprofile_id);


--
-- Name: accounts_buyerprofile_wishlist_product_id_a7794d07; Type: INDEX; Schema: public; Owner: postgres
--

CREATE INDEX accounts_buyerprofile_wishlist_product_id_a7794d07 ON public.accounts_buyerprofile_wishlist USING btree (product_id);


--
-- Name: accounts_customuser_email_4fd8e7ce_like; Type: INDEX; Schema: public; Owner: postgres
--

CREATE INDEX accounts_customuser_email_4fd8e7ce_like ON public.accounts_customuser USING btree (email varchar_pattern_ops);


--
-- Name: accounts_customuser_groups_customuser_id_bc55088e; Type: INDEX; Schema: public; Owner: postgres
--

CREATE INDEX accounts_customuser_groups_customuser_id_bc55088e ON public.accounts_customuser_groups USING btree (customuser_id);


--
-- Name: accounts_customuser_groups_group_id_86ba5f9e; Type: INDEX; Schema: public; Owner: postgres
--

CREATE INDEX accounts_customuser_groups_group_id_86ba5f9e ON public.accounts_customuser_groups USING btree (group_id);


--
-- Name: accounts_customuser_phone_number_32c4e511_like; Type: INDEX; Schema: public; Owner: postgres
--

CREATE INDEX accounts_customuser_phone_number_32c4e511_like ON public.accounts_customuser USING btree (phone_number varchar_pattern_ops);


--
-- Name: accounts_customuser_user_permissions_customuser_id_0deaefae; Type: INDEX; Schema: public; Owner: postgres
--

CREATE INDEX accounts_customuser_user_permissions_customuser_id_0deaefae ON public.accounts_customuser_user_permissions USING btree (customuser_id);


--
-- Name: accounts_customuser_user_permissions_permission_id_aea3d0e5; Type: INDEX; Schema: public; Owner: postgres
--

CREATE INDEX accounts_customuser_user_permissions_permission_id_aea3d0e5 ON public.accounts_customuser_user_permissions USING btree (permission_id);


--
-- Name: accounts_customuser_username_722f3555_like; Type: INDEX; Schema: public; Owner: postgres
--

CREATE INDEX accounts_customuser_username_722f3555_like ON public.accounts_customuser USING btree (username varchar_pattern_ops);


--
-- Name: accounts_shippingaddress_user_id_694df80c; Type: INDEX; Schema: public; Owner: postgres
--

CREATE INDEX accounts_shippingaddress_user_id_694df80c ON public.accounts_shippingaddress USING btree (user_id);


--
-- Name: auth_group_name_a6ea08ec_like; Type: INDEX; Schema: public; Owner: postgres
--

CREATE INDEX auth_group_name_a6ea08ec_like ON public.auth_group USING btree (name varchar_pattern_ops);


--
-- Name: auth_group_permissions_group_id_b120cbf9; Type: INDEX; Schema: public; Owner: postgres
--

CREATE INDEX auth_group_permissions_group_id_b120cbf9 ON public.auth_group_permissions USING btree (group_id);


--
-- Name: auth_group_permissions_permission_id_84c5c92e; Type: INDEX; Schema: public; Owner: postgres
--

CREATE INDEX auth_group_permissions_permission_id_84c5c92e ON public.auth_group_permissions USING btree (permission_id);


--
-- Name: auth_permission_content_type_id_2f476e4b; Type: INDEX; Schema: public; Owner: postgres
--

CREATE INDEX auth_permission_content_type_id_2f476e4b ON public.auth_permission USING btree (content_type_id);


--
-- Name: cart_cartitem_cart_id_370ad265; Type: INDEX; Schema: public; Owner: postgres
--

CREATE INDEX cart_cartitem_cart_id_370ad265 ON public.cart_cartitem USING btree (cart_id);


--
-- Name: cart_cartitem_product_id_b24e265a; Type: INDEX; Schema: public; Owner: postgres
--

CREATE INDEX cart_cartitem_product_id_b24e265a ON public.cart_cartitem USING btree (product_id);


--
-- Name: django_admin_log_content_type_id_c4bce8eb; Type: INDEX; Schema: public; Owner: postgres
--

CREATE INDEX django_admin_log_content_type_id_c4bce8eb ON public.django_admin_log USING btree (content_type_id);


--
-- Name: django_admin_log_user_id_c564eba6; Type: INDEX; Schema: public; Owner: postgres
--

CREATE INDEX django_admin_log_user_id_c564eba6 ON public.django_admin_log USING btree (user_id);


--
-- Name: django_session_expire_date_a5c62663; Type: INDEX; Schema: public; Owner: postgres
--

CREATE INDEX django_session_expire_date_a5c62663 ON public.django_session USING btree (expire_date);


--
-- Name: django_session_session_key_c0390e0f_like; Type: INDEX; Schema: public; Owner: postgres
--

CREATE INDEX django_session_session_key_c0390e0f_like ON public.django_session USING btree (session_key varchar_pattern_ops);


--
-- Name: orders_order_buyer_id_26195532; Type: INDEX; Schema: public; Owner: postgres
--

CREATE INDEX orders_order_buyer_id_26195532 ON public.orders_order USING btree (buyer_id);


--
-- Name: orders_orderitem_order_id_fe61a34d; Type: INDEX; Schema: public; Owner: postgres
--

CREATE INDEX orders_orderitem_order_id_fe61a34d ON public.orders_orderitem USING btree (order_id);


--
-- Name: orders_orderitem_product_id_afe4254a; Type: INDEX; Schema: public; Owner: postgres
--

CREATE INDEX orders_orderitem_product_id_afe4254a ON public.orders_orderitem USING btree (product_id);


--
-- Name: products_category_parent_id_3388f6c9; Type: INDEX; Schema: public; Owner: postgres
--

CREATE INDEX products_category_parent_id_3388f6c9 ON public.products_category USING btree (parent_id);


--
-- Name: products_category_slug_c558efae_like; Type: INDEX; Schema: public; Owner: postgres
--

CREATE INDEX products_category_slug_c558efae_like ON public.products_category USING btree (slug varchar_pattern_ops);


--
-- Name: products_product_category_id_9b594869; Type: INDEX; Schema: public; Owner: postgres
--

CREATE INDEX products_product_category_id_9b594869 ON public.products_product USING btree (category_id);


--
-- Name: products_product_seller_id_07afb1e3; Type: INDEX; Schema: public; Owner: postgres
--

CREATE INDEX products_product_seller_id_07afb1e3 ON public.products_product USING btree (seller_id);


--
-- Name: products_productattribute_product_id_b9a86828; Type: INDEX; Schema: public; Owner: postgres
--

CREATE INDEX products_productattribute_product_id_b9a86828 ON public.products_productattribute USING btree (product_id);


--
-- Name: products_productimage_product_id_e747596a; Type: INDEX; Schema: public; Owner: postgres
--

CREATE INDEX products_productimage_product_id_e747596a ON public.products_productimage USING btree (product_id);


--
-- Name: products_productreview_product_id_7e81c4a6; Type: INDEX; Schema: public; Owner: postgres
--

CREATE INDEX products_productreview_product_id_7e81c4a6 ON public.products_productreview USING btree (product_id);


--
-- Name: products_productreview_user_id_5c551aaa; Type: INDEX; Schema: public; Owner: postgres
--

CREATE INDEX products_productreview_user_id_5c551aaa ON public.products_productreview USING btree (user_id);


--
-- Name: products_userproductinteraction_product_id_2bf67ee9; Type: INDEX; Schema: public; Owner: postgres
--

CREATE INDEX products_userproductinteraction_product_id_2bf67ee9 ON public.products_userproductinteraction USING btree (product_id);


--
-- Name: products_userproductinteraction_user_id_48b1137a; Type: INDEX; Schema: public; Owner: postgres
--

CREATE INDEX products_userproductinteraction_user_id_48b1137a ON public.products_userproductinteraction USING btree (user_id);


--
-- Name: seller_sellerprofile_business_registration_number_0516623f_like; Type: INDEX; Schema: public; Owner: postgres
--

CREATE INDEX seller_sellerprofile_business_registration_number_0516623f_like ON public.seller_sellerprofile USING btree (business_registration_number varchar_pattern_ops);


--
-- Name: accounts_buyerprofile accounts_buyerprofil_billing_address_id_38d95982_fk_accounts_; Type: FK CONSTRAINT; Schema: public; Owner: postgres
--

ALTER TABLE ONLY public.accounts_buyerprofile
    ADD CONSTRAINT accounts_buyerprofil_billing_address_id_38d95982_fk_accounts_ FOREIGN KEY (billing_address_id) REFERENCES public.accounts_shippingaddress(id) DEFERRABLE INITIALLY DEFERRED;


--
-- Name: accounts_buyerprofile_favorite_categories accounts_buyerprofil_buyerprofile_id_000ccc07_fk_accounts_; Type: FK CONSTRAINT; Schema: public; Owner: postgres
--

ALTER TABLE ONLY public.accounts_buyerprofile_favorite_categories
    ADD CONSTRAINT accounts_buyerprofil_buyerprofile_id_000ccc07_fk_accounts_ FOREIGN KEY (buyerprofile_id) REFERENCES public.accounts_buyerprofile(id) DEFERRABLE INITIALLY DEFERRED;


--
-- Name: accounts_buyerprofile_buy_history accounts_buyerprofil_buyerprofile_id_12ce015e_fk_accounts_; Type: FK CONSTRAINT; Schema: public; Owner: postgres
--

ALTER TABLE ONLY public.accounts_buyerprofile_buy_history
    ADD CONSTRAINT accounts_buyerprofil_buyerprofile_id_12ce015e_fk_accounts_ FOREIGN KEY (buyerprofile_id) REFERENCES public.accounts_buyerprofile(id) DEFERRABLE INITIALLY DEFERRED;


--
-- Name: accounts_buyerprofile_wishlist accounts_buyerprofil_buyerprofile_id_847ebd49_fk_accounts_; Type: FK CONSTRAINT; Schema: public; Owner: postgres
--

ALTER TABLE ONLY public.accounts_buyerprofile_wishlist
    ADD CONSTRAINT accounts_buyerprofil_buyerprofile_id_847ebd49_fk_accounts_ FOREIGN KEY (buyerprofile_id) REFERENCES public.accounts_buyerprofile(id) DEFERRABLE INITIALLY DEFERRED;


--
-- Name: accounts_buyerprofile_shipping_addresses accounts_buyerprofil_buyerprofile_id_f31d57f3_fk_accounts_; Type: FK CONSTRAINT; Schema: public; Owner: postgres
--

ALTER TABLE ONLY public.accounts_buyerprofile_shipping_addresses
    ADD CONSTRAINT accounts_buyerprofil_buyerprofile_id_f31d57f3_fk_accounts_ FOREIGN KEY (buyerprofile_id) REFERENCES public.accounts_buyerprofile(id) DEFERRABLE INITIALLY DEFERRED;


--
-- Name: accounts_buyerprofile_favorite_categories accounts_buyerprofil_category_id_642293f0_fk_products_; Type: FK CONSTRAINT; Schema: public; Owner: postgres
--

ALTER TABLE ONLY public.accounts_buyerprofile_favorite_categories
    ADD CONSTRAINT accounts_buyerprofil_category_id_642293f0_fk_products_ FOREIGN KEY (category_id) REFERENCES public.products_category(id) DEFERRABLE INITIALLY DEFERRED;


--
-- Name: accounts_buyerprofile_buy_history accounts_buyerprofil_order_id_e31558b8_fk_orders_or; Type: FK CONSTRAINT; Schema: public; Owner: postgres
--

ALTER TABLE ONLY public.accounts_buyerprofile_buy_history
    ADD CONSTRAINT accounts_buyerprofil_order_id_e31558b8_fk_orders_or FOREIGN KEY (order_id) REFERENCES public.orders_order(id) DEFERRABLE INITIALLY DEFERRED;


--
-- Name: accounts_buyerprofile_wishlist accounts_buyerprofil_product_id_a7794d07_fk_products_; Type: FK CONSTRAINT; Schema: public; Owner: postgres
--

ALTER TABLE ONLY public.accounts_buyerprofile_wishlist
    ADD CONSTRAINT accounts_buyerprofil_product_id_a7794d07_fk_products_ FOREIGN KEY (product_id) REFERENCES public.products_product(id) DEFERRABLE INITIALLY DEFERRED;


--
-- Name: accounts_buyerprofile_shipping_addresses accounts_buyerprofil_shippingaddress_id_e432a804_fk_accounts_; Type: FK CONSTRAINT; Schema: public; Owner: postgres
--

ALTER TABLE ONLY public.accounts_buyerprofile_shipping_addresses
    ADD CONSTRAINT accounts_buyerprofil_shippingaddress_id_e432a804_fk_accounts_ FOREIGN KEY (shippingaddress_id) REFERENCES public.accounts_shippingaddress(id) DEFERRABLE INITIALLY DEFERRED;


--
-- Name: accounts_buyerprofile accounts_buyerprofil_user_id_f767f5f1_fk_accounts_; Type: FK CONSTRAINT; Schema: public; Owner: postgres
--

ALTER TABLE ONLY public.accounts_buyerprofile
    ADD CONSTRAINT accounts_buyerprofil_user_id_f767f5f1_fk_accounts_ FOREIGN KEY (user_id) REFERENCES public.accounts_customuser(id) DEFERRABLE INITIALLY DEFERRED;


--
-- Name: accounts_customuser_user_permissions accounts_customuser__customuser_id_0deaefae_fk_accounts_; Type: FK CONSTRAINT; Schema: public; Owner: postgres
--

ALTER TABLE ONLY public.accounts_customuser_user_permissions
    ADD CONSTRAINT accounts_customuser__customuser_id_0deaefae_fk_accounts_ FOREIGN KEY (customuser_id) REFERENCES public.accounts_customuser(id) DEFERRABLE INITIALLY DEFERRED;


--
-- Name: accounts_customuser_groups accounts_customuser__customuser_id_bc55088e_fk_accounts_; Type: FK CONSTRAINT; Schema: public; Owner: postgres
--

ALTER TABLE ONLY public.accounts_customuser_groups
    ADD CONSTRAINT accounts_customuser__customuser_id_bc55088e_fk_accounts_ FOREIGN KEY (customuser_id) REFERENCES public.accounts_customuser(id) DEFERRABLE INITIALLY DEFERRED;


--
-- Name: accounts_customuser_user_permissions accounts_customuser__permission_id_aea3d0e5_fk_auth_perm; Type: FK CONSTRAINT; Schema: public; Owner: postgres
--

ALTER TABLE ONLY public.accounts_customuser_user_permissions
    ADD CONSTRAINT accounts_customuser__permission_id_aea3d0e5_fk_auth_perm FOREIGN KEY (permission_id) REFERENCES public.auth_permission(id) DEFERRABLE INITIALLY DEFERRED;


--
-- Name: accounts_customuser_groups accounts_customuser_groups_group_id_86ba5f9e_fk_auth_group_id; Type: FK CONSTRAINT; Schema: public; Owner: postgres
--

ALTER TABLE ONLY public.accounts_customuser_groups
    ADD CONSTRAINT accounts_customuser_groups_group_id_86ba5f9e_fk_auth_group_id FOREIGN KEY (group_id) REFERENCES public.auth_group(id) DEFERRABLE INITIALLY DEFERRED;


--
-- Name: accounts_shippingaddress accounts_shippingadd_user_id_694df80c_fk_accounts_; Type: FK CONSTRAINT; Schema: public; Owner: postgres
--

ALTER TABLE ONLY public.accounts_shippingaddress
    ADD CONSTRAINT accounts_shippingadd_user_id_694df80c_fk_accounts_ FOREIGN KEY (user_id) REFERENCES public.accounts_customuser(id) DEFERRABLE INITIALLY DEFERRED;


--
-- Name: auth_group_permissions auth_group_permissio_permission_id_84c5c92e_fk_auth_perm; Type: FK CONSTRAINT; Schema: public; Owner: postgres
--

ALTER TABLE ONLY public.auth_group_permissions
    ADD CONSTRAINT auth_group_permissio_permission_id_84c5c92e_fk_auth_perm FOREIGN KEY (permission_id) REFERENCES public.auth_permission(id) DEFERRABLE INITIALLY DEFERRED;


--
-- Name: auth_group_permissions auth_group_permissions_group_id_b120cbf9_fk_auth_group_id; Type: FK CONSTRAINT; Schema: public; Owner: postgres
--

ALTER TABLE ONLY public.auth_group_permissions
    ADD CONSTRAINT auth_group_permissions_group_id_b120cbf9_fk_auth_group_id FOREIGN KEY (group_id) REFERENCES public.auth_group(id) DEFERRABLE INITIALLY DEFERRED;


--
-- Name: auth_permission auth_permission_content_type_id_2f476e4b_fk_django_co; Type: FK CONSTRAINT; Schema: public; Owner: postgres
--

ALTER TABLE ONLY public.auth_permission
    ADD CONSTRAINT auth_permission_content_type_id_2f476e4b_fk_django_co FOREIGN KEY (content_type_id) REFERENCES public.django_content_type(id) DEFERRABLE INITIALLY DEFERRED;


--
-- Name: cart_cart cart_cart_user_id_9b4220b9_fk_accounts_customuser_id; Type: FK CONSTRAINT; Schema: public; Owner: postgres
--

ALTER TABLE ONLY public.cart_cart
    ADD CONSTRAINT cart_cart_user_id_9b4220b9_fk_accounts_customuser_id FOREIGN KEY (user_id) REFERENCES public.accounts_customuser(id) DEFERRABLE INITIALLY DEFERRED;


--
-- Name: cart_cartitem cart_cartitem_cart_id_370ad265_fk_cart_cart_id; Type: FK CONSTRAINT; Schema: public; Owner: postgres
--

ALTER TABLE ONLY public.cart_cartitem
    ADD CONSTRAINT cart_cartitem_cart_id_370ad265_fk_cart_cart_id FOREIGN KEY (cart_id) REFERENCES public.cart_cart(id) DEFERRABLE INITIALLY DEFERRED;


--
-- Name: cart_cartitem cart_cartitem_product_id_b24e265a_fk_products_product_id; Type: FK CONSTRAINT; Schema: public; Owner: postgres
--

ALTER TABLE ONLY public.cart_cartitem
    ADD CONSTRAINT cart_cartitem_product_id_b24e265a_fk_products_product_id FOREIGN KEY (product_id) REFERENCES public.products_product(id) DEFERRABLE INITIALLY DEFERRED;


--
-- Name: django_admin_log django_admin_log_content_type_id_c4bce8eb_fk_django_co; Type: FK CONSTRAINT; Schema: public; Owner: postgres
--

ALTER TABLE ONLY public.django_admin_log
    ADD CONSTRAINT django_admin_log_content_type_id_c4bce8eb_fk_django_co FOREIGN KEY (content_type_id) REFERENCES public.django_content_type(id) DEFERRABLE INITIALLY DEFERRED;


--
-- Name: django_admin_log django_admin_log_user_id_c564eba6_fk_accounts_customuser_id; Type: FK CONSTRAINT; Schema: public; Owner: postgres
--

ALTER TABLE ONLY public.django_admin_log
    ADD CONSTRAINT django_admin_log_user_id_c564eba6_fk_accounts_customuser_id FOREIGN KEY (user_id) REFERENCES public.accounts_customuser(id) DEFERRABLE INITIALLY DEFERRED;


--
-- Name: orders_order orders_order_buyer_id_26195532_fk_accounts_customuser_id; Type: FK CONSTRAINT; Schema: public; Owner: postgres
--

ALTER TABLE ONLY public.orders_order
    ADD CONSTRAINT orders_order_buyer_id_26195532_fk_accounts_customuser_id FOREIGN KEY (buyer_id) REFERENCES public.accounts_customuser(id) DEFERRABLE INITIALLY DEFERRED;


--
-- Name: orders_orderitem orders_orderitem_order_id_fe61a34d_fk_orders_order_id; Type: FK CONSTRAINT; Schema: public; Owner: postgres
--

ALTER TABLE ONLY public.orders_orderitem
    ADD CONSTRAINT orders_orderitem_order_id_fe61a34d_fk_orders_order_id FOREIGN KEY (order_id) REFERENCES public.orders_order(id) DEFERRABLE INITIALLY DEFERRED;


--
-- Name: orders_orderitem orders_orderitem_product_id_afe4254a_fk_products_product_id; Type: FK CONSTRAINT; Schema: public; Owner: postgres
--

ALTER TABLE ONLY public.orders_orderitem
    ADD CONSTRAINT orders_orderitem_product_id_afe4254a_fk_products_product_id FOREIGN KEY (product_id) REFERENCES public.products_product(id) DEFERRABLE INITIALLY DEFERRED;


--
-- Name: orders_payment orders_payment_order_id_bdccf250_fk_orders_order_id; Type: FK CONSTRAINT; Schema: public; Owner: postgres
--

ALTER TABLE ONLY public.orders_payment
    ADD CONSTRAINT orders_payment_order_id_bdccf250_fk_orders_order_id FOREIGN KEY (order_id) REFERENCES public.orders_order(id) DEFERRABLE INITIALLY DEFERRED;


--
-- Name: orders_shipping orders_shipping_order_id_6b43f47d_fk_orders_order_id; Type: FK CONSTRAINT; Schema: public; Owner: postgres
--

ALTER TABLE ONLY public.orders_shipping
    ADD CONSTRAINT orders_shipping_order_id_6b43f47d_fk_orders_order_id FOREIGN KEY (order_id) REFERENCES public.orders_order(id) DEFERRABLE INITIALLY DEFERRED;


--
-- Name: products_category products_category_parent_id_3388f6c9_fk_products_category_id; Type: FK CONSTRAINT; Schema: public; Owner: postgres
--

ALTER TABLE ONLY public.products_category
    ADD CONSTRAINT products_category_parent_id_3388f6c9_fk_products_category_id FOREIGN KEY (parent_id) REFERENCES public.products_category(id) DEFERRABLE INITIALLY DEFERRED;


--
-- Name: products_product products_product_category_id_9b594869_fk_products_category_id; Type: FK CONSTRAINT; Schema: public; Owner: postgres
--

ALTER TABLE ONLY public.products_product
    ADD CONSTRAINT products_product_category_id_9b594869_fk_products_category_id FOREIGN KEY (category_id) REFERENCES public.products_category(id) DEFERRABLE INITIALLY DEFERRED;


--
-- Name: products_product products_product_seller_id_07afb1e3_fk_seller_sellerprofile_id; Type: FK CONSTRAINT; Schema: public; Owner: postgres
--

ALTER TABLE ONLY public.products_product
    ADD CONSTRAINT products_product_seller_id_07afb1e3_fk_seller_sellerprofile_id FOREIGN KEY (seller_id) REFERENCES public.seller_sellerprofile(id) DEFERRABLE INITIALLY DEFERRED;


--
-- Name: products_productattribute products_productattr_product_id_b9a86828_fk_products_; Type: FK CONSTRAINT; Schema: public; Owner: postgres
--

ALTER TABLE ONLY public.products_productattribute
    ADD CONSTRAINT products_productattr_product_id_b9a86828_fk_products_ FOREIGN KEY (product_id) REFERENCES public.products_product(id) DEFERRABLE INITIALLY DEFERRED;


--
-- Name: products_productimage products_productimag_product_id_e747596a_fk_products_; Type: FK CONSTRAINT; Schema: public; Owner: postgres
--

ALTER TABLE ONLY public.products_productimage
    ADD CONSTRAINT products_productimag_product_id_e747596a_fk_products_ FOREIGN KEY (product_id) REFERENCES public.products_product(id) DEFERRABLE INITIALLY DEFERRED;


--
-- Name: products_productreview products_productrevi_product_id_7e81c4a6_fk_products_; Type: FK CONSTRAINT; Schema: public; Owner: postgres
--

ALTER TABLE ONLY public.products_productreview
    ADD CONSTRAINT products_productrevi_product_id_7e81c4a6_fk_products_ FOREIGN KEY (product_id) REFERENCES public.products_product(id) DEFERRABLE INITIALLY DEFERRED;


--
-- Name: products_productreview products_productrevi_user_id_5c551aaa_fk_accounts_; Type: FK CONSTRAINT; Schema: public; Owner: postgres
--

ALTER TABLE ONLY public.products_productreview
    ADD CONSTRAINT products_productrevi_user_id_5c551aaa_fk_accounts_ FOREIGN KEY (user_id) REFERENCES public.accounts_customuser(id) DEFERRABLE INITIALLY DEFERRED;


--
-- Name: products_userproductinteraction products_userproduct_product_id_2bf67ee9_fk_products_; Type: FK CONSTRAINT; Schema: public; Owner: postgres
--

ALTER TABLE ONLY public.products_userproductinteraction
    ADD CONSTRAINT products_userproduct_product_id_2bf67ee9_fk_products_ FOREIGN KEY (product_id) REFERENCES public.products_product(id) DEFERRABLE INITIALLY DEFERRED;


--
-- Name: products_userproductinteraction products_userproduct_user_id_48b1137a_fk_accounts_; Type: FK CONSTRAINT; Schema: public; Owner: postgres
--

ALTER TABLE ONLY public.products_userproductinteraction
    ADD CONSTRAINT products_userproduct_user_id_48b1137a_fk_accounts_ FOREIGN KEY (user_id) REFERENCES public.accounts_customuser(id) DEFERRABLE INITIALLY DEFERRED;


--
-- Name: seller_sellerprofile seller_sellerprofile_user_id_545a8b13_fk_accounts_customuser_id; Type: FK CONSTRAINT; Schema: public; Owner: postgres
--

ALTER TABLE ONLY public.seller_sellerprofile
    ADD CONSTRAINT seller_sellerprofile_user_id_545a8b13_fk_accounts_customuser_id FOREIGN KEY (user_id) REFERENCES public.accounts_customuser(id) DEFERRABLE INITIALLY DEFERRED;


--
-- PostgreSQL database dump complete
--

